"","pr_number","pr_creator","pr_created_ts","pr_title","pr_message"
"1",100,"taylormwang","2020-05-16T01:28:57Z","Minruo Wang","1st version: ends with corpus"
"2",99,"Noah0811","2020-05-14T22:22:07Z","Zhongyuan Zhang NPL ver.1","NPL ver.1 keep updating"
"3",98,"yuchuheng11","2020-05-12T16:01:45Z","NLP-HTML DONE",""
"4",97,"cindyzhou555","2020-05-12T03:43:13Z","Done Thanks Charles! ","Shuyue Zhou "
"5",96,"NEAL0524","2020-05-11T22:19:06Z","thanks",""
"6",95,"LT-L","2020-05-11T21:21:39Z","try my best to think about it.",""
"7",94,"laurenk9304","2020-05-10T11:03:59Z","Done",""
"8",93,"tyellaineho","2020-05-09T16:57:54Z","NLP files that are missing the last part where the corpus does not correspond correctly to the dataframe.",""
"9",92,"CWJ1106","2020-05-08T00:39:40Z","done :D",""
"10",91,"BoziJin","2020-05-06T17:58:42Z","NLP",""
"11",90,"adwang31","2020-05-06T03:21:01Z","thanks charles!",""
"12",89,"xiaojueliu94","2020-05-04T16:22:02Z","Finish~",""
"13",88,"ruiqiwang3","2020-05-04T08:28:50Z","nlp","nlp"
"14",87,"batayeva2908","2020-05-03T10:54:46Z","NLP",""
"15",86,"sdebchaudhury","2020-04-29T07:30:42Z","Natural Language Processing Unit","Initial commit & word cloud creation"
"16",85,"gehan7","2020-04-28T16:56:23Z","down",""
"17",84,"jackshen1998","2020-04-28T00:47:34Z","assignment done",""
"18",83,"leona-joo","2020-04-25T00:41:40Z","NLP Done","yea"
"19",82,"jackiessshao","2020-04-23T04:02:36Z","work",""
"20",81,"sj2562","2020-04-22T22:29:16Z","Natural Language Processing",""
"21",80,"lrestrepo0001","2020-04-22T20:48:11Z","Commited","Final submission"
"22",79,"zhang-yujun","2020-04-21T16:05:38Z","Done",""
"23",78,"caroline-555","2020-04-21T03:55:22Z","NLP",""
"24",77,"Xyyzzz11","2020-04-21T03:40:02Z","xyy",""
"25",76,"MinnieLin","2020-04-21T02:16:23Z","QiyangLin_NLP",""
"26",75,"Zifan96","2020-04-20T10:53:29Z","NLP Finish!",""
"27",74,"mandymao1","2020-04-14T10:37:32Z","done",""
"28",73,"DDCecilia","2020-04-13T21:50:25Z","NLP Done! Xudian Zhang",""
"29",72,"s275","2020-04-13T21:31:15Z","Done<U+2764>","Unit 3
NLP
Ziyuan Guo"
"30",71,"ad3671","2020-04-13T16:45:21Z","NLP","The output graphs look different from the ones I generated along the way...so I attached the two graphs I have. I can't figure out which part during data processing stage went wrong. ;("
