"","pr_number","pr_creator","pr_created_ts","pr_title","pr_message"
"1",109,"yuchuheng11","2020-05-14T15:41:38Z","Ye",""
"2",108,"CWJ1106","2020-05-08T03:06:38Z","done :b",""
"3",107,"laurenk9304","2020-02-11T21:45:07Z","Update",""
"4",106,"BoziJin","2020-02-11T19:59:39Z","yea","BOZI"
"5",105,"sj2933","2020-02-10T22:59:53Z","Change2",""
"6",104,"jackshen1998","2020-02-10T22:51:16Z","Jiancong Shen assignment done",""
"7",103,"xinxinxin111","2020-02-10T20:49:41Z","Xinyi Zhou assignment done final version!",""
"8",101,"WanruoZhang","2020-02-10T18:25:13Z","test",""
"9",100,"gehan7","2020-02-09T23:59:03Z","submit",""
"10",99,"ad3671","2020-02-09T20:35:54Z","Collaborative Filter",""
"11",98,"batayeva2908","2020-02-09T17:50:18Z","couldn't solve one error",""
"12",97,"momemt54","2020-02-09T01:47:07Z","zhihao guo assignment 1",""
"13",96,"tyellaineho","2020-02-08T17:17:18Z","Recommender System Homework Files",""
"14",95,"Isabellaisgood","2020-02-08T04:29:36Z","Finish!","yeah~~ finish~~"
"15",94,"cindyzhou555","2020-02-07T18:33:08Z","HW1",""
"16",93,"rhonda2726","2020-02-07T03:46:01Z","recommender systems",""
"17",92,"SonaliZeile","2020-02-06T23:42:37Z","Pull request from Sonali",""
"18",91,"sdebchaudhury","2020-02-06T23:42:21Z","Collaborative Filter Exercise","Reuploaded file with edits due to technical issues with the original."
"19",89,"MinnieLin","2020-02-05T22:29:37Z","Qiyang Lin",""
"20",88,"Noah0811","2020-02-05T15:25:54Z","Zhongyuan Zhang pull request","Zhongyuan Zhang pull request"
"21",87,"DDCecilia","2020-02-05T00:10:48Z","4051 Xudian ",""
"22",86,"caroline-555","2020-02-05T00:07:42Z","Jiali Jin",""
"23",85,"xiaojueliu94","2020-02-05T00:01:44Z","yeah~~",""
"24",84,"hsiaotingyang","2020-02-04T23:58:40Z","Hsiao Yang",""
"25",83,"LT-L","2020-02-04T23:57:46Z","Update",""
"26",82,"AmanFatima-TC","2020-02-04T23:57:19Z","Changes to RMD",""
"27",81,"NEAL0524","2020-02-04T23:57:09Z","hello!",""
"28",80,"mandymao1","2020-02-04T23:56:11Z","done",""
"29",79,"adwang31","2020-02-04T23:56:10Z","dudeeeee",""
"30",78,"Yiwen-123","2020-02-04T23:55:46Z","Recommender System- Yiwen Ma",""
